ctdp19108_black__5_.jpg,ctdp19110_orange__1_.jpg,ctdp19110_orange__2_.jpg,ctdp19110_orange__4_.jpg,ctdp19110_orange__5_.jpg,ctdp19110_orange__6_.jpg,ctdp19110_orange__7_.jpg,ctdp19111b_mustard__5_.jpg,cdspe19104_blue__2_.jpg,cdspe19104_blue__3_.jpg,cdspe19104_blue__4_.jpg,ctp19106_6_.jpg,ctp19107_black__1_.jpg,ctp19107_black__3_.jpg,ctp19107_black__4_.jpg,ctp19107_black__5_.jpg,ctp19107_black__6_.jpg,ctp19107_blue__1_.jpg,ctp19107_blue__3_.jpg,ctp19107_blue__4_.jpg,ctp19107_blue__6_.jpg,ctpe19108_black__2_.jpg,ctpe19108_black__3_.jpg,ctpe19109_beige__3_.jpg,ctpe19109_beige__4_.jpg,ctpe19110_orange__1_.jpg,ctpe19110_orange__3_.jpg,ctpe19110_orange__4_.jpg,ctpe19111_offwhite__4_.jpg,etej18421_pink__4_.jpg,etp19114_blue_5_.jpg,etp19132_beige_1_.jpg,etp19132_beige_3_.jpg,etp19132_beige_5_.jpg,etpe19109_red__4_.jpg,etpe19109_red__5_.jpg,etpe19135_black__3_.jpg,etpe19135_black__4_.jpg,etpe19135_black__6_.jpg,etsp18301_orange__1_.jpg,hh18302b-edit2.jpg,kc18101_black__1_.jpg,kde19108_green.jpg,kde19108_green__1_.jpg,kde19108_green__3_.jpg,kde19108_green__4_.jpg,kde19108_green__5_.jpg,kdp19107_orange__2_04012019.jpg,kdp19107_orange__3_04012019.jpg,kdpe19103a_blue_5_28012019.jpg,ksfe18310_beige__1__1.jpg,ksfe18310_beige__5__1.jpg,mtdps18301_black__1__1.jpg,mtdps18301_black__3__1.jpg,mtdps18301_gold__3__1.jpg,wtpe18130-_4_.jpg
ctdpe19102_yellow_1_.jpg,ctdpe19102_yellow_3_.jpg,cte19104_coral__1_.jpg,cte19104_coral__3_.jpg,ctp19101_blue_1_3_.jpg,ctp19104_pink_1_.jpg,ctp19104_pink_2_.jpg,ctp19104_pink_3_.jpg,ctp19104_pink_4_.jpg,ctpe19107_white_1_1_.jpg,ctpe19107_white_1_2_.jpg,ctpe19107_white_1_3_.jpg,ctpe19107_white_1_4_.jpg,ctpe19107_white_1_5_.jpg,etdp19143_turquoise_2_.jpg,etdp19143_turquoise_3_.jpg,etdp19143_turquoise_5_.jpg,etdp19143_yellow__2_.jpg,etdp19143_yellow__3_.jpg,etdp19143_yellow__5_.jpg,etdp19145_beige__3_.jpg,etdp19145_beige__4_.jpg,etdp19147_orange__2_.jpg,etdp19147_orange__3_.jpg,etdp19147_orange__4_.jpg,etdp19147_orange__5_.jpg,etdp19150_offwhite__2_.jpg,etdp19150_offwhite__3_.jpg,etdp19150_offwhite__4_.jpg,etdp19150_offwhite__5_.jpg,etdp19152_beige__4_.jpg,etdpe18304_yellow__4_.jpg,etdpe19102_blue__3_.jpg,ete19110_pink__2_.jpg,ete19110_pink__3_.jpg,ete19110_pink__4_.jpg,ete19110_pink__6_.jpg,ete19114_beige__2_.jpg,ete19114_beige__3_.jpg,ete19115_pink_1_4_.jpg,ete19120_yellow__2_.jpg,etp19112_grey__1_.jpg,etp19112_grey__2_.jpg,etp19131_maroon__1_.jpg,etp19131_maroon__4_.jpg,etp19133_blue__2_.jpg,etp19133_blue__3_.jpg,etp19133_blue__4_.jpg,etp19133_blue__6_.jpg,etp19133_grey__1_.jpg,etp19133_grey__3_.jpg,etp19133_grey__4_.jpg,etp19133_grey__6_.jpg,etpe19109_green__3_.jpg,etpe19109_green__4_.jpg,etpe19111b_pink_1_.jpg,etpe19111b_pink_3_.jpg,etpe19111b_pink_5_.jpg,etpe19113_beige__2_.jpg,etpe19113_beige__3_.jpg,etpe19113_beige__4_.jpg,etpe19113a_orange_jpg_4_.jpg,etpe19113a_orange_jpg_5_.jpg,etpe19136_green__2_.jpg,etspe19121_grey__2_.jpg,etspe19121_grey__3_.jpg,etspe19121_grey__4_.jpg,etspe19121_grey__5_.jpg,etspe19121_grey__6_.jpg,etspe19121_pink__1_.jpg,etspe19121_pink__2_.jpg,etspe19121_pink__4_.jpg,etspe19121_pink__6_.jpg,etspe19122_blue__2_.jpg,etspe19122_blue__3_.jpg,etspe19122_blue__4_.jpg,etspe19122_blue__5_.jpg,etspe19122_blue__6_.jpg,etspe19122_yellow__2_.jpg,etspe19122_yellow__4_.jpg,etspe19122_yellow__5_.jpg,etspe19122_yellow__7_.jpg,etspe19123_green__1_.jpg,etspe19123_green__3_.jpg,etspe19123_green__4_.jpg,etspe19124_pink_1_3_.jpg,etspe19124_pink_1_5_.jpg,etspe19125-grey_1_.jpg,etspe19125-grey_2_.jpg,etspe19125-grey_3_.jpg,etspe19125-grey_4_.jpg,etspe19125-mustard_2_.jpg,etspe19125-mustard_3_.jpg,etspe19125-mustard_4_.jpg,etspe19125-mustard_5_.jpg,ir19112_white_2__1.jpg,jf19107_beige_1_.jpg,jf19107_blue_2_.jpg,jf19108_off-white_2_.jpg,kdp19107_pink_2_04012019.jpg,kdp19107_pink_4_04012019.jpg,kdpe19101b_green_4_.jpg,kdpe19102_musturd_4_.jpg,kdpe19102a_yellow_4_.jpg,wtp19e01_yellow__5_.jpg,wtp19e12a_beige_1_.jpg,wtp19e12a_beige_2_.jpg,wtp19e12a_beige_4_.jpg,wtp19e12a_beige_5_.jpg,wtp19e12a_beige_6_.jpg,wtp19e12_blue_2_.jpg,wtp19e12_blue_3_.jpg,wtp19e12_blue_5_.jpg,wtp19e13__beige_3.jpg,wtp19e13__beige_5.jpg,wtp19e13b_off-white_2_.jpg,wtp19e13b_off-white_3_.jpg,wtp19e13b_off-white_4_.jpg,wtp19e13b_off-white_5_.jpg,wtp19e14_green__2_.jpg,wtp19e14_green__3_.jpg,wtp19e14a_pink_2_.jpg,wtp19e14a_pink_3_.jpg,wtp19e14a_pink_5_.jpg
af19103_beige_2_.jpg,af19114_mustard_2_.jpg,ar19102_yellow_2_.jpg,ar19104_blue_2_.jpg,ar19105-blue-3pc_2_.jpg,ar19105_pink_1_.jpg,ar19105_pink_2_.jpg,ar19118_blue_2_.jpg,ar19124_pink_2_.jpg,ar19125_beige_2_.jpg,ar19125_pink_2_.jpg,ar19127_blue_2_.jpg,ar19127_green_1_.jpg,ar19127_green_2_.jpg,ar19129_beige_2_.jpg,ar19129_yellow_2_.jpg,bf19102_blue_1_.jpg,bf19103_green_1_.jpg,bf19105_brown_1_.jpg,bf19105_brown_2_.jpg,bf19106_off-white_1_.jpg,bf19106_off-white_2_.jpg,bf19108_peach_2_.jpg,br19101_beige_1_.jpg,br19101_beige_2_.jpg,br19101_grey_2_.jpg,br19102_grey_1_.jpg,br19102_grey_2_.jpg,br19102_yellow_1_.jpg,br19102_yellow_2_.jpg,br19106_pink_1_.jpg,br19106_pink_2_.jpg,br19113_pink_1_.jpg,br19113_pink_2_.jpg,cte19117_pink__6_.jpg,cte19119_green__7_.jpg,df19103_blue_2_.jpg,ete19114_beige__1_.jpg,kdpe19102_musturd_1_.jpg,kdpe19102_musturd_5_.jpg,lf19111_off-white_1__2.jpg,lf19111_off-white_2__2.jpg,lf19111_pink_1__1.jpg,lf19111_pink_2__1.jpg,lr19107_pink_2_.jpg,lr19121b-1.jpg,lr19121b-2.jpg,lr19123b-1_1.jpg,lr19123b-2.jpg,lr19123a-1.jpg,lr19123a-2.jpg,mr19102_blue_2_.jpg,mr19102_orange_1_.jpg,mr19102_orange_2_.jpg,mr19103_pink_1_.jpg,mr19103_pink_2_.jpg,mr19103_yellow_2_.jpg,mr19104_orange_2_.jpg,mr19106_beige_1_.jpg,mr19106_beige_2_.jpg,mr19107_purple_1_.jpg,mr19107_purple_2_.jpg,mr19108_beige_2_.jpg,mr19108_yellow_2_.jpg,mr19109_orange_1_.jpg,mr19109_orange_2_.jpg,mr19109_yellow_1_.jpg,mr19109_yellow_2_.jpg,mr19110_grey_1_.jpg,mr19110_grey_2_.jpg,mr19111_beige_1_.jpg,mr19111_beige_2_.jpg,mr19111_blue_1_.jpg,mr19111_blue_2_.jpg,mr19112_mustard_1_.jpg,mr19112_mustard_2_.jpg,mr19113_orange_2_.jpg,mr19116_brown_1_.jpg,mr19116_green_1_.jpg,mr19116_green_2_.jpg,nr19106_blue_1__1.jpg,rr19102_yellow_2_.jpg,wtp19e05_green__2_.jpg,wtp19e14a_pink_1_.jpg
af19105_black_1_.jpg,af19110_blue_1_.jpg,br19113_black_1_.jpg,ctdp19101_mustard__1_.jpg,ctdp19103_blue__1_.jpg,ctdp19107_blue__1_.jpg,ctdp19108_black__1_.jpg,ctdp19110_orange__3_.jpg,ctdp19111_black_7_.jpg,ctdp19111b_mustard__1_.jpg,ctdpes18404_blue_2_.jpg,ctdspe19103a_black_1_.jpg,ctdspe19103_red__1_.jpg,ctdspe19105_green__2_.jpg,ctp18402_grey__2_.jpg,ctp19101_black_1_1_.jpg,ctp19103_purple_1_1_.jpg,ctp19104_blue__11_.jpg,ctp19106_1_.jpg,ctp19107_black__2_.jpg,ctp19107_blue__2_.jpg,ctp19108_blue__1_.jpg,ctpe19108_black__1_.jpg,ctpe19108_blue__1_.jpg,ctpe19110_orange__2_.jpg,etdpe19101_black_jpg_2_.jpg,etdpe19102_grey__1_.jpg,ete19128_white__1_.jpg,etp19118_blue__1_.jpg,etpe19109_red__2_.jpg,etpe19133a_blue__1_.jpg,etpe19133b_purple__2_.jpg,etpe19316_blue__1_.jpg,hli19104_black_1_.jpg,kc18101_black__2_.jpg,ksf18113_black__5_.jpg,ksf18129_khaki__1_.jpg,ksfe18310_beige__2__1.jpg,ksfe18311_blue__2__1.jpg,ksfpe18301_black__2_.jpg,lf19101_beige_2_.jpg,mtdps18301_black__2__1.jpg,psd19105_orange_1_.jpg,psd19105_orange_2_.jpg,psd19106_red_1_.jpg,psd19106_red_2_.jpg,psd19116_black_1_.jpg,psd19116_black_2_.jpg,wtp19e05_beige__2_.jpg,wtp19e09_black__1_.jpg
ctdp19103_blue__6_.jpg,ctdp19103_light_green_1_.jpg,ctdp19107_blue__5_.jpg,ctdp19108_black__4_.jpg,ctdp19108_brown__5_.jpg,ctdp19109_blue__5_.jpg,ctdp19112_yellow__5_.jpg,ctdpes18404_blue_3_.jpg,ctdspe19103a_black_3_.jpg,ctdspe19103a_black_5_.jpg,ctdspe19103_red__3_.jpg,ctdspe19103_red__4_.jpg,ctdspe19103_red__5_.jpg,cte18408_white__5_.jpg,cte19102_blue__3_.jpg,cte19102_blue__4_.jpg,ctp19101_black_1_5_.jpg,ctp19106_2_.jpg,ctp19106_4_.jpg,ctp19106_5_.jpg,ctp19109_blue__5_.jpg,ctpe19108_black__4_.jpg,ctpe19108_black__5_.jpg,ctpe19108_blue__4_.jpg,ctpe19108_blue__5_.jpg,ctpe19111_offwhite__5_.jpg,ctpe19111_offwhite__6_.jpg,etdp19149_black__4_.jpg,etdpe19102_grey__4_.jpg,etdpe19102_grey__5_.jpg,etdpe19102_grey__6_.jpg,etdpe19105_purple__2__1.jpg,etdpe19105_purple__3__1.jpg,etdpe19105_purple__5__1.jpg,etdpe19106_pink__5_.jpg,ete19117_purple__2_.jpg,ete19117_purple__3_.jpg,etp19111a_yellow__2_.jpg,etp19111a_yellow__5_.jpg,etp19113_beige__5_.jpg,etp19113_green__5_.jpg,etp19114_blue_1_.jpg,etp19114_blue_3_.jpg,etp19114_pink_1_.jpg,etp19114_pink_3_.jpg,etp19114_pink_4_.jpg,etp19116_orange__5_.jpg,etp19117_blue__2_.jpg,etp19117_blue__3_.jpg,etp19117_blue__5_.jpg,etp19118_blue__2_.jpg,etp19118_blue__3_.jpg,etp19118_blue__5_.jpg,etp19118_combob_green_3_.jpg,etp19131_maroon__5_.jpg,etp19134_blue__6_.jpg,etp19135_blue_4_.jpg,etpe19316_blue__5_.jpg,etpe19316_blue__6_.jpg,etsp18301_yellow__1_.jpg,etsp18301_yellow__3_.jpg,etsp18301_yellow__4_.jpg,etsp18301_yellow__5_.jpg,kc18101_black__3_.jpg,kc18101_black__4_.jpg,kc18101_black__5_.jpg,kc18101_black__6_.jpg,kdp19107_orange__7_04012019.jpg,kdp19107_orange__8_04012019.jpg,kdpe19103a_blue_4_28012019.jpg,kdpe19103a_green_5_28012019.jpg,ksfe18310_beige__3__1.jpg,ksfe18311_blue__1__1.jpg,ksfpe18301_black__3_.jpg,mtb18302-_3__1.jpg,mtb18302-_4__1.jpg,mtdps18301_gold__1__1.jpg,mtdps18301_gold__2__1.jpg,wtp19e04_brown__5_.jpg,wtp19e07_blue__2_.jpg,wtp19e08a_green_1_.jpg,wtp19e08a_green_3_.jpg,wtp19e08a_green_5_.jpg,wtp19e09_pink__4_.jpg,wtpe18130-_2_.jpg,wtpe18130a_2_blue.jpg,wtpe18130a_4_blue.jpg
af19103_pink_1_.jpg,af19103_pink_2_.jpg,af19105_black_2_.jpg,af19107_green_1__2.jpg,af19107_green_2__2.jpg,af19109_blue_1_.jpg,af19109_green_1_.jpg,af19109_green_2_.jpg,af19110_blue_2_.jpg,af19110_rust_1_.jpg,af19110_rust_2_.jpg,af19114_maroon_.jpg,af19114_maroon_1_.jpg,ar19106_beige_1_.jpg,ar19106_beige_2_.jpg,ar19111a-1.jpg,ar19111a-2.jpg,ar19111b-1_1.jpg,ar19111b-2_1.jpg,ar19115_green_1_.jpg,ar19115_green_2_.jpg,ar19115_yellow_1_.jpg,ar19115_yellow_2_.jpg,ar19122_purple_1_.jpg,ar19126_off-white_1_.jpg,br19113_black_2_.jpg,cte18405_blue__1_.jpg,cte19103_blue__1_.jpg,ctp19105_green__3_.jpg,ctpe19109_beige__1_.jpg,ctpe19111_offwhite__2_.jpg,etdp19150_brown__2_.jpg,ete19110_pink__1_.jpg,etpe19111a_grey_2_.jpg,hli19104_black_2_.jpg,hli19105_blue_1_.jpg,hli19105_blue_2_.jpg,ir19101_purple_2_.jpg,ir19103_mustard_2_.jpg,ir19105_black_1_.jpg,ir19105_black_2_.jpg,ir19107_black_1_.jpg,ir19107_black_2_.jpg,jd19107_green_1_.jpg,jd19107_green_2_.jpg,jd19108_red_1_.jpg,jd19108_red_2_.jpg,ji19101_pink_1__1.jpg,ji19101_pink_2__1.jpg,ji19106_orange_1_.jpg,ji19108_green_1_.jpg,ji19108_green_2_.jpg,jr19103_black_1_.jpg,jr19103_black_2_.jpg,kdp19102_green__1_.jpg,kdp19102_green__6_.jpg,kdp19103_green__1_.jpg,kdp19104_purple__3__1.jpg,kdp19107_orange__4_04012019.jpg,kdpe19103a_blue_3_28012019.jpg,lf19103_green_1_.jpg,lf19103_yellow_2_.jpg,lf19104_blue_1_.jpg,lf19109_black_1__1_1.jpg,lr19107_off-white_1_.jpg,mtb18302-_1__1.jpg,nr19101_grey_1__1.jpg,nr19102_black_1__1.jpg,nr19102_black_2__1.jpg,nr19105_black_1__1.jpg,nr19105_black_2__1.jpg,nr19105_red_1__1.jpg,nr19107_green_2_.jpg,nr19107_orange_1_.jpg,nr19107_orange_2_.jpg,psd19102_off-white_1_.jpg,psd19102_off-white_2_.jpg,psd19104_blue_1_.jpg,psd19104_blue_2_.jpg,psd19109_blue_1_.jpg,psd19109_blue_2_.jpg,psd19112_green_1_.jpg,psd19112_green_2_.jpg,psd19113_orange_2_.jpg,rd19103_blue_1_.jpg,rd19104_green_1_.jpg,rd19105_black_1_.jpg,rd19105_black_2_.jpg,rr19103_black_1_.jpg,rr19103_black_2_.jpg,rr19103_green_1_.jpg,rr19103_green_2_.jpg,rr19104_black_1_.jpg,rr19104_black_2_.jpg,rr19104_pink_1_.jpg,wtp19e08a_green_2_.jpg
ctdp19101_mustard__2_.jpg,ctdp19101_mustard__3_.jpg,ctdp19101_mustard__4_.jpg,ctdp19101_mustard__5_.jpg,ctdp19111_black_1_.jpg,ctdp19111_black_4_.jpg,ctdpes18404_blue_5_.jpg,ctdspe19102_red__2_.jpg,ctdspe19102_red__3_.jpg,ctdspe19102_red__4_.jpg,ctdspe19105_green__1_.jpg,ctdspe19105_green__3_.jpg,ctdspe19105_green__4_.jpg,ctdspe19105_green__5_.jpg,ctp19104_blue__13_.jpg,ctp19104_blue__14_.jpg,ctp19104_blue__16_.jpg,ctp19104_blue__7_.jpg,ctp19104_blue__8_.jpg,etp19120_yellow__2__1.jpg,etp19120_yellow__3__1.jpg,etp19120_yellow__5__1.jpg,etp19131_beige__5__1.jpg,etp19132_pink__4_.jpg,etp19134_pink__1_.jpg,etp19134_pink__2_.jpg,etp19134_pink__3_.jpg,etp19134_pink__4_.jpg,etp19135_pink__2_.jpg,etp19135_pink__4_.jpg,etp19135_pink__7_.jpg,etpe19133a_blue__5_.jpg,etpe19133a_blue__6_.jpg,etpe19135_black__5_.jpg,etsp18301_orange__3_.jpg,etsp18301_orange__4_.jpg,etsp18301_orange__5_.jpg,ksf18112_green__1_.jpg,ksf18112_green__2_.jpg,ksf18112_green__3_.jpg,ksf18112_green__4_.jpg,ksf18112_green__5_.jpg,ksf18113_black__1_.jpg,ksf18113_black__2_.jpg,ksf18113_black__3_.jpg,ksf18113_black__4_.jpg,ksfpe18301_black__5_.jpg,mtdps18301_black__4__1.jpg,wtp19e05_beige__4_.jpg,wtp19e05_beige__5_.jpg,wtp19e05_beige__6_.jpg,wtp19e08_2_.jpg,wtp19e08_3_.jpg,wtp19e08_4_.jpg,wtp19e08_5_.jpg
hh18302b-edit.jpg,wtb18111darkblue_1_.jpg,wtb18111darkblue_2_.jpg,wtb18111darkblue_3_.jpg,wtb18111darkblue_4_.jpg
ar19118_red_1_.jpg,ar19118_red_2_.jpg,ar19119_mustard_1_.jpg,br19108_blue_1_.jpg,br19108_blue_2_.jpg,ctdp19109_blue__1_.jpg,ctdp19112_green__1_.jpg,cte19104_coral__2_.jpg,cte19116_yellow__3_.jpg,ctp19102_green__1_.jpg,ctpe19110_yellow__1_.jpg,etdp19143_turquoise_1_.jpg,etdp19145_beige__1_.jpg,etdp19147_orange__1_.jpg,etdp19150_offwhite__1_.jpg,etdpe18304_yellow__2_.jpg,etdpe19102_blue__1_.jpg,ete19109_blue__4_.jpg,ete19113_lt_blue__2_.jpg,ete19130_blue__1_.jpg,etp19111_aqua_jpg_1_.jpg,etp19112_aqua__1_.jpg,etp19113_beige__1_.jpg,etp19115a_beige_pg_1_.jpg,etp19115_b_white__1_.jpg,etp19116_orange__2_.jpg,etp19117_yellow__1_.jpg,etp19118_combob_green_2_.jpg,etp19120_beige__1__1.jpg,etp19131_beige__1__1.jpg,etp19131_maroon__2_.jpg,etpe19113_beige__1_.jpg,etpe19132_green__1_.jpg,etpe19137_pink__2_.jpg,etspe19121_grey__1_.jpg,etspe19121_pink__3_.jpg,etspe19122_yellow__3_.jpg,etspe19123_green__2_.jpg,etspe19124_pink_1_1_.jpg,etspe19125-grey_7_.jpg,etspe19125-mustard_1_.jpg,kcbp18302_golden__5__1.jpg,kcbp18303_green__5__1.jpg,kdp19103_pink__2_.jpg,kdp19104_purple__1__1.jpg,kdp19107_pink_1_04012019.jpg,kdp19108_green_5_04012019.jpg,kdpe19101b_green_1_.jpg,kdpe19101_grey__1_.jpg,kdpe19102_musturd_2_.jpg,kdpe19102a_yellow_1_.jpg,kdpe19103a_blue_1_28012019.jpg,kdpe19103a_green_3_28012019.jpg,lf19101_beige_1_.jpg,lf19103_green_2_.jpg,lf19103_yellow_1_.jpg,lf19104_blue_2_.jpg,lf19104_green_1_.jpg,lf19104_green_2_.jpg,lf19105_orange_1_.jpg,lf19105_orange_2_.jpg,lf19105_pink_1_.jpg,lf19105_pink_2_.jpg,lf19109_black_2__1_1.jpg,lr19122a-1.jpg,lr19122a-2.jpg,lr19122b-1.jpg,lr19122b-2.jpg,mr19104_yellow_1_.jpg,mr19104_yellow_2_.jpg,mtsp18302_yellow__1_.jpg,wtp19e01_blue__1_.jpg,wtp19e03b_green__1_.jpg,wtp19e04_brown__1_.jpg,wtp19e06_beige__1_.jpg,wtp19e12a_beige_3_.jpg,wtp19e12_blue_1_.jpg,wtp19e13__beige_1.jpg,wtp19e13b_off-white_1_.jpg,wtp19e14_green__1_.jpg
ctdspe19101_yellow__4_.jpg,cte19116_yellow__1_.jpg,cte19116_yellow__2_.jpg,cte19116_yellow__4_.jpg,cte19116_yellow__5_.jpg,cte19116_yellow__6_.jpg,cte19119_green__1_.jpg,cte19119_green__8_.jpg,ctp18402_grey__1_.jpg,ctp18402_grey__3_.jpg,etbj18407_blue_1_.jpg,etbj18407_blue_3_.jpg,etbj18407_blue_4_.jpg,etbj18407_blue_5_.jpg,etdpe19104_turquoise__2_.jpg,etdpe19104_turquoise__3_.jpg,etdpe19104_turquoise__4_.jpg,ete18308-_3_.jpg,ete19109_blue__7_.jpg,ete19112_white_jpg_4_.jpg,ete19112_white_jpg_5_.jpg,ete19128_white__2_.jpg,ete19128_white__4_.jpg,etp19111_aqua_jpg_3_.jpg,etp19118_combob_green_4_.jpg,etp19136_blue__1_.jpg,etp19136_blue__2_.jpg,etp19136_blue__3_.jpg,etp19136_blue__4_.jpg,etpe1914_blue__4_.jpg,etpe19132_green__2_.jpg,etpe19134_blue__1_.jpg,etpe19134_blue__2_.jpg,etpe19134_blue__3_.jpg,etpe19134_blue__4_.jpg,etpe19134_blue__5_.jpg,etpe19137_beige_5_.jpg,etpe19137_pink__1_.jpg,etpe19137_pink__3_.jpg,etpe19137_pink__4_.jpg,ksf18129_khaki__4_.jpg,wtp19e02_blue__3_.jpg,wtp19e02_blue__4_.jpg,wtp19e03b_green__2_.jpg,wtp19e03b_green__3_.jpg,wtp19e03b_green__4_.jpg,wtp19e03b_green__5_.jpg,wtp19e03a_maroon__5_.jpg,wtp19e03a_maroon__6_.jpg,wtp19e07_aqua__3_.jpg
ctdpe19103_red__4_.jpg,ctdpe19103_red__5_.jpg,cte19103_blue__3_.jpg,cte19103_blue__4_.jpg,cte19103_blue__5_.jpg,cte19117_pink__1_.jpg,cte19117_pink__2_.jpg,cte19117_pink__3_.jpg,cte19117_pink__4_.jpg,cte19117_pink__5_.jpg,cte19119_green__10_.jpg,cte19119_green__9_.jpg,ctp19102_green__4_.jpg,etbj18407_blue_6_.jpg,etdpe18206_2_.jpg,etdpe18206_3_.jpg,etdpe18304_yellow__3_.jpg,etdpe19103_2_.jpg,etdpe19103_3_.jpg,etdpe19103_4_.jpg,etdpe19103_5_.jpg,ete19109_blue__3_.jpg,ete19109_blue__5_.jpg,ete19109_blue__6_.jpg,ete19112_white_jpg_2_.jpg,ete19112_white_jpg_3_.jpg,ete19113_lt_blue__1_.jpg,ete19113_lt_blue__3_.jpg,ete19113_lt_blue__4_.jpg,ete19128_white__3_.jpg,ete19130_blue__2_.jpg,ete19130_blue__3_.jpg,ete19130_blue__4_.jpg,ete19130_blue__5_.jpg,etp19111_aqua_jpg_2_.jpg,etp19111_aqua_jpg_4_.jpg,etp19111_aqua_jpg_5_.jpg,etp19112_aqua__2_.jpg,etp19112_aqua__3_.jpg,etp19112_aqua__4_.jpg,etp19112_aqua__5_.jpg,etp19113_beige__4_.jpg,etp19115a_beige_pg_4_.jpg,etp19115a_beige_pg_5_.jpg,etp19115a_beige_pg_6_.jpg,etp19115_b_white__2_.jpg,etp19115_b_white__3_.jpg,etp19115_b_white__4_.jpg,etp19115_b_white__5_.jpg,etp19116_orange__4_.jpg,etp19116_yellow__5_.jpg,etp19116_yellow__6_.jpg,etp19120_beige__2__1.jpg,etp19120_beige__3__1.jpg,etp19120_beige__4__1.jpg,etp19120_beige__5__1.jpg,etp19131_beige__3__1.jpg,etpe19111a_grey_1_.jpg,etpe19111a_grey_4_.jpg,etpe19111a_grey_5_.jpg,etpe19132b_beige__2_.jpg,etpe19132b_beige__3_.jpg,etpe19132b_beige__4_.jpg,etpe19132b_beige__5_.jpg,etpe19132_green__3_.jpg,etpe19132_green__4_.jpg,etpe19132_green__5_.jpg,etpe19137_beige_3_.jpg,etpe19137_beige_4_.jpg,etpe19137_beige_6_.jpg,etpe19137_pink__5_.jpg,kcp18303_red__2__1.jpg,kdpe19101_grey__2_.jpg,kdpe19101_grey__3_.jpg,kdpe19101_grey__4_.jpg,mtsp18302_yellow__4_.jpg,mtsp18302_yellow__5_.jpg,wtp19e01_blue__2_.jpg,wtp19e01_blue__3_.jpg,wtp19e01_blue__4_.jpg,wtp19e01_yellow__1_.jpg,wtp19e01_yellow__3_.jpg,wtp19e01_yellow__4_.jpg,wtp19e04_brown__2_.jpg,wtp19e04_brown__4_.jpg,wtp19e05_green__1_.jpg,wtp19e05_green__3_.jpg,wtp19e05_green__4_.jpg,wtp19e05_green__5_.jpg,wtp19e06_beige__2_.jpg,wtp19e06_beige__3_.jpg,wtp19e06_beige__4_.jpg,wtp19e07_aqua__4_.jpg,wtp19e07_blue__4_.jpg,wtpe18127_1_.jpg,wtpe18127_2_.jpg,wtpe18127_3_.jpg,wtpe18130a_3_blue.jpg
ctdpe19103_red__2_.jpg,ctdspe19101_yellow__5_.jpg,etdpe18206_4_.jpg,etdpe19104_turquoise__5_.jpg,etdpe19106_pink__2_.jpg,etdpe19106_pink__4_.jpg,ete18308-_1_.jpg,ete18308-_2_.jpg,ete18308-_4_.jpg,ete19118_green___1_.jpg,ete19118_green___3_.jpg,ete19118_green___4_.jpg,ete19118_green___5_.jpg,ete19120_yellow__5_.jpg,ete19129_yellow__2_.jpg,ete19129_yellow__3_.jpg,ete19129_yellow__4_.jpg,etp19131_beige__2_1_.jpg,etpe19112_green__2_.jpg,etpe19112_green__3_.jpg,etpe19112_green__4_.jpg,etpe19112_green__5_.jpg,etpe1914_blue__1_.jpg,etpe1914_blue__3_.jpg,etpe1914_blue__5_.jpg,etpe19114_orange__1_.jpg,etpe19114_orange__2_.jpg,etpe19114_orange__3_.jpg,etpe19114_orange__4_.jpg,etpe19135_red__1_.jpg,etpe19135_red__2_.jpg,etpe19135_red__3_.jpg,etpe19135_red__4_.jpg,kdp19104_turquoise__2_.jpg,kdp19104_turquoise__3_.jpg,kdp19104_turquoise__4_.jpg,ksfe18318_1_.jpg,ksfe18318_2_.jpg,ksfe18318_3_.jpg,ksfe18318_4_.jpg,wtp19e02_blue__2_.jpg,wtp19e02_blue__5_.jpg,wtp19e02_yellow__2_.jpg,wtp19e02_yellow__3_.jpg,wtp19e02_yellow__4_.jpg,wtp19e02_yellow__5_.jpg,wtp19e04_pink__2_.jpg,wtp19e04_pink__3_.jpg,wtp19e04_pink__4_.jpg,wtp19e04_pink__5_.jpg,wtp19e06_2_.jpg,wtp19e06_3_.jpg,wtp19e06_4_.jpg,wtp19e06_5_.jpg,wtp19e07_aqua__2_.jpg,wtp19e07_aqua__5_.jpg,wtp19e09_pink__2_.jpg,wtp19e09_pink__3_.jpg,wtp19e09_pink__5_.jpg
ctdp19102_blue__5_.jpg,ctdp19107_blue__4_.jpg,ctdp19108_brown__4_.jpg,ctdp19109_blue__2_.jpg,ctdp19109_blue__3_.jpg,ctdp19109_blue__4_.jpg,ctdp19112_green__2_.jpg,ctdp19112_green__3_.jpg,ctdp19112_green__4_.jpg,ctdp19112_green__5_.jpg,ctdp19112_yellow__4_.jpg,ctdpe19102_yellow_4_.jpg,ctdpe19102_yellow_5_.jpg,ctdpe1904_blue__4_.jpg,ctdspe19103a_black_4_.jpg,cte18405_blue__2_.jpg,cte18405_blue__3_.jpg,cte18405_blue__4_.jpg,cte19103_blue__2_.jpg,cte19104_coral__4_.jpg,cte19104_coral__5_.jpg,ctp19101_blue_1_2_.jpg,ctp19101_blue_1_4_.jpg,ctp19101_blue_1_5_.jpg,ctp19101_blue_1_6_.jpg,ctp19102_green__2_.jpg,ctp19102_green__3_.jpg,ctp19102_purple__2_.jpg,ctp19102_purple__3_.jpg,ctp19102_purple__4_.jpg,ctp19102_purple__5_.jpg,ctp19103_purple_1_2_.jpg,ctp19103_purple_1_4_.jpg,ctp19108_blue__2_.jpg,ctp19108_blue__3_.jpg,ctp19108_green-_4_.jpg,ctp19108_green__3_.jpg,ctp19109_blue__4_.jpg,ctpe19110_yellow__2_.jpg,ctpe19110_yellow__3_.jpg,ctpe19110_yellow__4_.jpg,ctpe19110_yellow__5_.jpg,etdp19143_turquoise_4_.jpg,etdp19143_yellow__4_.jpg,etdp19150_brown__5_.jpg,etdpe18301_blue__2__1.jpg,etdpe18304_yellow__1_.jpg,etdpe18304_yellow__5_.jpg,etdpe19102_blue__4_.jpg,etdpe19102_blue__5_.jpg,etdpe19102_grey__2_.jpg,etdpe19102_grey__3_.jpg,ete19110_pink__5_.jpg,ete19114_beige__4_.jpg,ete19114_beige__5_.jpg,ete19120_yellow__3_.jpg,ete19120_yellow__4_.jpg,ete19129_yellow__5_.jpg,etp19112_grey__3_.jpg,etp19112_grey__4_.jpg,etp19116_orange__1_.jpg,etp19116_orange__3_.jpg,etp19116_yellow__2_.jpg,etp19116_yellow__3_.jpg,etp19116_yellow__4_.jpg,etp19117_blue__4_.jpg,etp19117_yellow__2_.jpg,etp19117_yellow__3_.jpg,etp19117_yellow__4_.jpg,etp19117_yellow__5_.jpg,etp19131_maroon__3_.jpg,etp19133_blue__5_.jpg,etp19133_grey__5_.jpg,etp19134_blue__5_.jpg,etpe19109_green__1_.jpg,etpe19109_green__5_.jpg,etpe19111a_grey_3_.jpg,etpe19111b_pink_4_.jpg,etpe19316_blue__2_.jpg,etpe19316_blue__3_.jpg,etpe19316_blue__4_.jpg,etpe19136_green__3_.jpg,etpe19136_green__4_.jpg,etpe19136_green__5_.jpg,etpe19136_green__6_.jpg,etspe19121_pink__5_.jpg,etspe19122_blue__7_.jpg,etspe19122_blue__8_.jpg,etspe19122_yellow__1_.jpg,etspe19122_yellow__6_.jpg,etspe19123_green__5_.jpg,etspe19123_green__6_.jpg,etspe19124_pink_1_4_.jpg,etspe19125-grey_5_.jpg,etspe19125-grey_6_.jpg,kcbp18302_golden__1__1.jpg,kcbp18302_golden__2__1.jpg,kcbp18302_golden__3__1.jpg,kcbp18302_golden__4__1.jpg,kcp18303_red__1__1.jpg,kcp18303_red__3__1.jpg,kdp19107_pink_3_04012019.jpg,kdpe19101_grey__5_.jpg,ksf17505_purple__3_.jpg,ksf17505_purple__4_.jpg,ksf17505_purple__5_.jpg,ksf17505_purple__6_.jpg,mtb18302-_2__1.jpg,mtsp18302_yellow__2_.jpg,mtsp18302_yellow__3_.jpg,wte18120-_3_.jpg,wte18120-_4_.jpg,wtp19e01_blue__5_.jpg,wtp19e04_brown__3_.jpg,wtp19e06_beige__5_.jpg,wtp19e12_blue_4_.jpg,wtp19e13__beige_2.jpg,wtp19e14_green__4_.jpg,wtp19e14a_pink_4_.jpg
ctdp19102_blue__1_.jpg,ctdp19103_light_green_2_.jpg,ctdp19109_red__2__2.jpg,ctdp19110_green__1_.jpg,ctdp19112_yellow__1_.jpg,ctdpe19102_yellow_2_.jpg,ctdpe1904_blue__1_.jpg,ctdspe19101_yellow__2_.jpg,cdspe19104_blue__1_.jpg,cte19102_blue__1_.jpg,ctej18402_blue__5_.jpg,ctp19104_pink_8_.jpg,ctp19106_red__1_.jpg,ctp19108_green__1_.jpg,ctp19109_blue__1_.jpg,etdp19143_yellow__1_.jpg,etdp19147_purple__1_.jpg,etdp19149_black__1_.jpg,etdp19151_orange__1_.jpg,etdp19152_beige__1_.jpg,etdp19154_green__1_.jpg,etdpe18301_blue__5__1.jpg,etdpe19103_1_.jpg,etdpe19104_turquoise__1_.jpg,etdpe19105_purple__1__1.jpg,etdpe19106_pink__1_.jpg,ete19117_purple__1_.jpg,ete19120_blue__1_.jpg,etp19111a_yellow__1_.jpg,etp19114_blue_2_.jpg,etp19114_pink_2_.jpg,etp19116_yellow__1_.jpg,etp19117_blue__1_.jpg,etp19120_yellow__1__1.jpg,etp19135_blue_1_.jpg,etpe19109_green__2_.jpg,etpe19111b_pink_2_.jpg,etpe19132b_beige__1_.jpg,etsp18301_orange__2_.jpg,etsp18301_yellow__2_.jpg,etspe19122_blue__1_.jpg,kcp18303_red__4__1.jpg,kde19108_green__2_.jpg,kde19109_blue_1_1_.jpg,kdp19104_turquoise__1_.jpg,kdp19107_orange__1_04012019.jpg,kdp19107_orange__5_04012019.jpg,kdp19108_green_1_04012019.jpg,kdpe19103a_blue_2_28012019.jpg,ksf18112_green__6_.jpg,mtdps18301_gold__4__1.jpg,wtp19e02_blue__1_.jpg,wtp19e02_yellow__1_.jpg,wtp19e03a_maroon__1_.jpg,wtp19e06_1_.jpg,wtp19e07_aqua__1_.jpg,wtp19e07_blue__1_.jpg
af19104_blue_1_.jpg,af19104_blue_2_.jpg,af19105_orange_1_.jpg,af19105_orange_2_.jpg,af19109_blue_2_.jpg,af19112_beige_2_.jpg,af19114_mustard_1_.jpg,ar19102_yellow_1_.jpg,ar19105-blue-3pc_1_.jpg,ar19106_blue_1_.jpg,ar19106_blue_2_.jpg,ar19109b-1.jpg,ar19109b-2.jpg,ar19109a-1_1.jpg,ar19119_mustard_2_.jpg,ar19119_red_1_.jpg,ar19119_red_2_.jpg,ar19122_purple_2_.jpg,ar19124_pink_1_.jpg,ar19125_beige_1_.jpg,ar19125_pink_1_.jpg,ar19126_off-white_2_.jpg,ar19127_blue_1_.jpg,ar19129_beige_1_.jpg,ar19129_yellow_1_.jpg,bf19103_green_2_.jpg,bf19104_grey_1_.jpg,bf19104_grey_2_.jpg,bf19107_grey_1_.jpg,bf19107_grey_2_.jpg,bf19108_green_1_.jpg,bf19108_green_2_.jpg,bf19108_peach_1_.jpg,bf19110_blue_1_.jpg,bf19110_blue_2_.jpg,br19112_beige_1_.jpg,br19112_beige_2_.jpg,br19112_green_1_.jpg,br19112_green_2_.jpg,ctp19101_blue_1_1_.jpg,ctp19102_purple__1_.jpg,df19101_orange_1_.jpg,df19101_orange_2_.jpg,df19103_blue_1_.jpg,ir19103_mustard_1_.jpg,ir19110_grey_1__1.jpg,ir19110_pink_1_.jpg,ir19113_blue_1__1.jpg,ir19113_blue_2__1.jpg,jd19106_green_1_.jpg,jr19121_green_2_.jpg,kdp19103_green__5_.jpg,kdp19103_pink__1_.jpg,kdpe19101b_green_2_.jpg,kdpe19101b_green_5_.jpg,ksf17505_purple__2_.jpg,lf19102_blue_1_.jpg,lf19102_blue_2_.jpg,lf19109_blue_1__1_1.jpg,lf19109_blue_2__1_1.jpg,lr19107_off-white_2_.jpg,lr19107_pink_1_.jpg,lr19120_beige_1_.jpg,mr19101_green_1_.jpg,mr19102_blue_1_.jpg,mr19103_yellow_1_.jpg,mr19104_orange_1_.jpg,mr19105_beige_1_.jpg,mr19105_beige_2_.jpg,mr19107_black_1_.jpg,mr19107_black_2_.jpg,mr19108_beige_1_.jpg,mr19108_yellow_1_.jpg,mr19112_grey_1_.jpg,mr19112_grey_2_.jpg,mr19113_orange_1_.jpg,mr19116_brown_2_.jpg,nr19101_grey_2__1.jpg,nr19102_purple_1__1.jpg,nr19104_blue_1__1.jpg,nr19104_blue_2__1.jpg,nr19105_red_2__1.jpg,nr19107_green_1_.jpg,rd19101_off-white_1_.jpg,rd19101_off-white_2_.jpg,rd19103_blue_2_.jpg,rd19104_green_2_.jpg,rr19102_pink_1_.jpg,rr19102_pink_2_.jpg,rr19102_yellow_1_.jpg,rr19104_pink_2_.jpg,wtp19e01_yellow__2_.jpg,yr19103_blue_1_.jpg,yr19103_blue_2_.jpg
ctdp19105_red__1__1.jpg,ctdpe19103_red__1_.jpg,ctdspe19102_red__1_.jpg,ete19115_pink_1_1_.jpg,ete19118_green___2_.jpg,ete19120_yellow__1_.jpg,ete19129_yellow__1_.jpg,etej18421_pink__2_.jpg,etp19135_pink__1_.jpg,etpe19112_green__1_.jpg,etpe19113a_orange_jpg_1_.jpg,etpe1914_blue__2_.jpg,wtp19e04_pink__1_.jpg,wtp19e08_1_.jpg,wtp19e09_pink__1_.jpg
af19103_beige_1_.jpg,ar19104_blue_1_.jpg,ar19118_blue_1_.jpg,bf19102_blue_2_.jpg,br19101_grey_1_.jpg,df19102_grey_1__1.jpg,df19102_grey_2_.jpg,df19102_yellow_1_.jpg,df19102_yellow_2_.jpg,df19104_blue_1__1.jpg,df19104_blue_2__1.jpg,etbj18407_blue_2_.jpg,etspe19124_pink_1_2_.jpg,hli19101_mustard_1_.jpg,hli19101_mustard_2_.jpg,hli19102_beige_1_.jpg,hli19102_beige_2_.jpg,hli19103_off-white_1_.jpg,hli19103_off-white_2_.jpg,ir19104_off-white_1_.jpg,ir19106_yellow_1_.jpg,ir19106_yellow_2_.jpg,ir19107_beige_1_.jpg,ir19107_beige_2_.jpg,ir19108_green_1__1.jpg,ir19108_green_2__1.jpg,ir19108_white_1__1.jpg,ir19108_white_2__1.jpg,ir19110_grey_2__1.jpg,ir19110_pink_2_.jpg,ir19111_peach_1__1.jpg,ir19111_peach_2__1.jpg,ir19112_white_1__1.jpg,ir19113_black_2__1.jpg,jd19101_mustard_1_.jpg,jd19101_mustard_2_.jpg,jd19102_off-white_1_.jpg,jd19102_off-white_2_.jpg,jd19103_green_1_.jpg,jd19103_green_2_.jpg,jd19104_pink_1_.jpg,jd19104_pink_2_.jpg,jd19110_green_1_.jpg,jd19110_green_2_.jpg,jf19107_blue_1_.jpg,jf19112_off-white_1_.jpg,jf19112_off-white_2_.jpg,ji19102_off-white_1_.jpg,ji19102_off-white_2_.jpg,ji19103_beige_2_.jpg,ji19109_mustard_1_.jpg,ji19109_mustard_2_.jpg,jr19101_brown_1_.jpg,jr19101_brown_2_.jpg,jr19106_pink_1_.jpg,jr19106_pink_2_.jpg,jr19120_yellow_1_.jpg,jr19120_yellow_2_.jpg,jr19121_green_1_.jpg,jr19122_blue_1_.jpg,jr19122_blue_2_.jpg,jr19122_peach_1_.jpg,jr19122_peach_2_.jpg,jr19123_pink_1_.jpg,jr19123_pink_2_.jpg,jr19124_blue_1_.jpg,jr19124_blue_2_.jpg,jr19124_off-white_1_.jpg,jr19124_off-white_2_.jpg,kdp19104_turquoise__5_.jpg,kdpe19102_musturd_3_.jpg,kdpe19102a_yellow_2_.jpg,kdpe19102a_yellow_3_.jpg,kdpe19102a_yellow_5_.jpg,lr19120_beige_2_.jpg,mr19101_green_2_.jpg,nr19102_purple_2__1.jpg,nr19103_beige_1__1.jpg,nr19103_beige_2__1.jpg,nr19104_grey_1__1.jpg,nr19104_grey_2__1.jpg,nr19106_blue_2__1.jpg,nr19106_yellow_1__1.jpg,nr19106_yellow_2__1.jpg,wte18120-_1_.jpg,wte18120-_2_.jpg,yr19101_blue_1_.jpg,yr19101_blue_2_.jpg,yr19105_pink_1_.jpg,yr19105_pink_2_.jpg
af19112_beige_1_.jpg,ar19109a-2_1.jpg,ctdp19108_brown__2_.jpg,ctp19104_pink_5_.jpg,ctp19106_red__6_.jpg,etdp19145_beige__5_.jpg,etdp19151_orange__2_.jpg,etdp19151_orange__3_.jpg,etdp19151_orange__5_.jpg,etdp19154_green__2_.jpg,ete19112_white_jpg_1_.jpg,ete19115_pink_1_2_.jpg,ete19115_pink_1_3_.jpg,ete19115_pink_1_5_.jpg,etpe19109_red__3_.jpg,etpe19113a_orange_jpg_2_.jpg,etpe19113a_orange_jpg_3_.jpg,etpe19136_green__1_.jpg,ir19101_purple_1_.jpg,ir19104_off-white_2_.jpg,ir19105_green_1_.jpg,ir19105_green_2_.jpg,ir19113_black_1__1.jpg,jd19106_green_2_.jpg,jf19107_beige_2_.jpg,jf19108_green_1_.jpg,jf19108_green_2_.jpg,jf19108_off-white_1_.jpg,ji19103_beige_1_.jpg,ji19106_orange_2_.jpg,jr19106_black_1_.jpg,jr19106_black_2_.jpg,kcbp18303_green__1__1.jpg,kcbp18303_green__6__1.jpg,kde19108_green__6_.jpg,kde19109_blue_1_2_.jpg,kde19109_blue_1_5_.jpg,kdp19102_green__3_.jpg,kdp19102_green__4_.jpg,kdp19103_green__3_.jpg,kdp19103_green__4_.jpg,kdp19103_pink__4_.jpg,kdp19103_pink__5_.jpg,kdp19103_pink__6_.jpg,kdp19104_purple__4__1.jpg,kdp19104_purple__5__1.jpg,kdp19108_green_2_04012019.jpg,kdp19108_green_4_04012019.jpg,kdpe19101b_green_3_.jpg,kdpe19103a_green_1_28012019.jpg,kdpe19103a_green_6_28012019.jpg,psd19113_orange_1_.jpg,wte17809_1_orange.jpg,wte17809_5_orange.jpg,wtp19e05_beige__3_.jpg,wtpe18130a_1_blue.jpg
ctdp19109_red__1__2.jpg,ctdp19109_red__3__2.jpg,ctdp19109_red__4__2.jpg,ctdp19111_black_2_.jpg,ctdp19111_black_3_.jpg,ctdpe19103_red__3_.jpg,ctdpes18404_blue_1_.jpg,ctdpes18404_blue_4_.jpg,ctdspe19101_yellow__1_.jpg,ctdspe19101_yellow__3_.jpg,ctdspe19102_red__5_.jpg,cte18408_white__1_.jpg,cte18408_white__2_.jpg,cte18408_white__3_.jpg,cte18408_white__4_.jpg,ctp18402_grey__4_.jpg,ctp18402_grey__5_.jpg,ctp19104_blue__10_.jpg,ctp19104_blue__15_.jpg,ctp19104_blue__9_.jpg,ctp19105_green__1_.jpg,ctp19105_green__2_.jpg,ctp19105_green__4_.jpg,ctp19105_green__5_.jpg,ctp19105_green__6_.jpg,etdpe18206_1_.jpg,etdpe19101_black_jpg_1_.jpg,etdpe19101_black_jpg_3_.jpg,etdpe19101_black_jpg_4_.jpg,etdpe19101_black_jpg_5_.jpg,etdpe19105_purple__4__1.jpg,etdpe19106_pink__3_.jpg,ete19117_purple__4_.jpg,ete19120_blue__2_.jpg,ete19120_blue__3_.jpg,ete19120_blue__4_.jpg,etp19111a_yellow__3_.jpg,etp19111a_yellow__4_.jpg,etp19113_beige__3_.jpg,etp19113_green__3_.jpg,etp19113_green__4_.jpg,etp19114_blue_4_.jpg,etp19115a_beige_pg_2_.jpg,etp19115a_beige_pg_3_.jpg,etp19118_blue__4_.jpg,etp19118_combob_green_1_.jpg,etp19118_combob_green_5_.jpg,etp19120_yellow__4__1.jpg,etp19131_beige__4__1.jpg,etp19132_pink__1_.jpg,etp19132_pink__2_.jpg,etp19132_pink__3_.jpg,etp19136_blue__5_.jpg,etpe19133a_blue__2_.jpg,etpe19133a_blue__3_.jpg,etpe19133a_blue__4_.jpg,etpe19133b_purple__1_.jpg,etpe19133b_purple__3_.jpg,etpe19133b_purple__4_.jpg,ksf18129_khaki__2_.jpg,ksf18129_khaki__3_.jpg,ksf18129_khaki__5_.jpg,ksfe18311_blue__3__1.jpg,ksfe18311_blue__4__1.jpg,ksfe18311_blue__5__1.jpg,ksfpe18301_black__1_.jpg,ksfpe18301_black__4_.jpg,wtp19e03a_maroon__3_.jpg,wtp19e03a_maroon__4_.jpg,wtp19e07_blue__3_.jpg,wtp19e07_blue__5_.jpg,wtp19e08a_green_4_.jpg,wtp19e09_black__2_.jpg,wtp19e09_black__3_.jpg,wtp19e09_black__4_.jpg,wtpe18130-_3_.jpg
ctdp19102_blue__2_.jpg,ctdp19102_blue__3_.jpg,ctdp19102_blue__4_.jpg,ctdp19103_blue__2_.jpg,ctdp19103_blue__3_.jpg,ctdp19103_blue__4_.jpg,ctdp19103_blue__5_.jpg,ctdp19103_light_green_3_.jpg,ctdp19103_light_green_4_.jpg,ctdp19103_light_green_5_.jpg,ctdp19105_red__2_.jpg,ctdp19105_red__3_.jpg,ctdp19105_red__4_.jpg,ctdp19105_red__5_.jpg,ctdp19107_blue__2_.jpg,ctdp19107_blue__3_.jpg,ctdp19108_black__2_.jpg,ctdp19108_black__3_.jpg,ctdp19108_brown__1_.jpg,ctdp19108_brown__3_.jpg,ctdp19110_green__2_.jpg,ctdp19110_green__3_.jpg,ctdp19110_green__4_.jpg,ctdp19110_green__5_.jpg,ctdp19111b_mustard__2_.jpg,ctdp19111b_mustard__3_.jpg,ctdp19111b_mustard__4_.jpg,ctdp19112_yellow__2_.jpg,ctdp19112_yellow__3_.jpg,ctdpe1904_blue__2_.jpg,ctdpe1904_blue__3_.jpg,ctdpe1904_blue__5_.jpg,ctdspe19103a_black_2_.jpg,ctdspe19103_red__2_.jpg,cte19102_blue__2_.jpg,ctej18402_blue__1_.jpg,ctej18402_blue__2_.jpg,ctej18402_blue__3_.jpg,ctej18402_blue__4_.jpg,ctej18402_blue__6_.jpg,ctp19101_black_1_2_.jpg,ctp19101_black_1_3_.jpg,ctp19101_black_1_4_.jpg,ctp19103_purple_1_3_.jpg,ctp19103_purple_1_5_.jpg,ctp19106_3_.jpg,ctp19106_red__2_.jpg,ctp19106_red__3_.jpg,ctp19106_red__4_.jpg,ctp19106_red__5_.jpg,ctp19108_blue__4_.jpg,ctp19108_green__2_.jpg,ctp19108_green__4_.jpg,ctp19109_blue__2_.jpg,ctp19109_blue__3_.jpg,ctpe19108_blue__2_.jpg,ctpe19108_blue__3_.jpg,ctpe19109_beige__2_.jpg,ctpe19109_beige__5_.jpg,ctpe19110_yellow__6_.jpg,ctpe19111_offwhite__1_.jpg,ctpe19111_offwhite__3_.jpg,etdp19145_beige__2_.jpg,etdp19147_purple__2_.jpg,etdp19147_purple__3_.jpg,etdp19147_purple__4_.jpg,etdp19147_purple__5_.jpg,etdp19149_black__2_.jpg,etdp19149_black__3_.jpg,etdp19149_black__5_.jpg,etdp19150_brown__1_.jpg,etdp19150_brown__3_.jpg,etdp19150_brown__4_.jpg,etdp19150_brown__6_.jpg,etdp19151_orange__4_.jpg,etdp19152_beige__2_.jpg,etdp19152_beige__3_.jpg,etdp19152_beige__5_.jpg,etdp19154_green__3_.jpg,etdp19154_green__4_.jpg,etdp19154_green__5_.jpg,etdpe18301_blue__1__1.jpg,etdpe18301_blue__3__1.jpg,etdpe18301_blue__4__1.jpg,etdpe19102_blue__2_.jpg,etej18421_pink__1_.jpg,etej18421_pink__3_.jpg,etp19114_pink_5_.jpg,etp19131_maroon__6_.jpg,etp19132_beige_4_.jpg,etp19132_beige_6_.jpg,etp19134_blue__1_.jpg,etp19134_blue__2_.jpg,etp19134_blue__4_.jpg,etp19135_blue_2_.jpg,etp19135_blue_3_.jpg,etp19135_blue_5_.jpg,etpe19109_green__6_.jpg,etpe19109_red__1_.jpg,etpe19109_red__6_.jpg,etpe19113_beige__5_.jpg,etpe19135_black__1_.jpg,etspe19125-mustard_6_.jpg,etspe19125-mustard_7_.jpg,kcbp18303_green__7__1.jpg,kcbp18303_green__8__1.jpg,kde19109_blue_1_3_.jpg,kde19109_blue_1_4_.jpg,kdp19102_green__5_.jpg,kdp19107_orange__6_04012019.jpg,kdpe19103a_green_2_28012019.jpg,kdpe19103a_green_4_28012019.jpg,ksfe18310_beige__4__1.jpg,wte17809_2_orange.jpg,wte17809_3_orange.jpg,wte17809_4_orange.jpg,wtp19e14_green__5_.jpg,wtpe18124a_1_yellow.jpg,wtpe18124a_2_yellow.jpg,wtpe18124a_3_yellow.jpg,wtpe18124a_4_yellow.jpg,wtpe18130-_1_.jpg
